﻿<?xml version="1.0" encoding="utf-8"?>
<linker>
  <assembly fullname="DOTween">
    <type fullname="DG.Tweening.AxisConstraint" preserve="all" />
    <type fullname="DG.Tweening.Core.Debugger" preserve="all" />
    <type fullname="DG.Tweening.Core.DOGetter`1" preserve="all" />
    <type fullname="DG.Tweening.Core.DOSetter`1" preserve="all" />
    <type fullname="DG.Tweening.Core.DOTweenExternalCommand" preserve="all" />
    <type fullname="DG.Tweening.Core.Enums.SpecialStartupMode" preserve="all" />
    <type fullname="DG.Tweening.Core.Extensions" preserve="all" />
    <type fullname="DG.Tweening.Core.TweenerCore`3" preserve="all" />
    <type fullname="DG.Tweening.DOTween" preserve="all" />
    <type fullname="DG.Tweening.DOVirtual" preserve="all" />
    <type fullname="DG.Tweening.Ease" preserve="all" />
    <type fullname="DG.Tweening.LoopType" preserve="all" />
    <type fullname="DG.Tweening.PathMode" preserve="all" />
    <type fullname="DG.Tweening.PathType" preserve="all" />
    <type fullname="DG.Tweening.Plugins.CircleOptions" preserve="all" />
    <type fullname="DG.Tweening.Plugins.CirclePlugin" preserve="all" />
    <type fullname="DG.Tweening.Plugins.Core.ABSTweenPlugin`3" preserve="all" />
    <type fullname="DG.Tweening.Plugins.Core.PathCore.Path" preserve="all" />
    <type fullname="DG.Tweening.Plugins.Options.ColorOptions" preserve="all" />
    <type fullname="DG.Tweening.Plugins.Options.FloatOptions" preserve="all" />
    <type fullname="DG.Tweening.Plugins.Options.NoOptions" preserve="all" />
    <type fullname="DG.Tweening.Plugins.Options.PathOptions" preserve="all" />
    <type fullname="DG.Tweening.Plugins.Options.QuaternionOptions" preserve="all" />
    <type fullname="DG.Tweening.Plugins.Options.RectOptions" preserve="all" />
    <type fullname="DG.Tweening.Plugins.Options.StringOptions" preserve="all" />
    <type fullname="DG.Tweening.Plugins.Options.Vector3ArrayOptions" preserve="all" />
    <type fullname="DG.Tweening.Plugins.Options.VectorOptions" preserve="all" />
    <type fullname="DG.Tweening.Plugins.PathPlugin" preserve="all" />
    <type fullname="DG.Tweening.RotateMode" preserve="all" />
    <type fullname="DG.Tweening.ScrambleMode" preserve="all" />
    <type fullname="DG.Tweening.Sequence" preserve="all" />
    <type fullname="DG.Tweening.ShakeRandomnessMode" preserve="all" />
    <type fullname="DG.Tweening.ShortcutExtensions" preserve="all" />
    <type fullname="DG.Tweening.Tween" preserve="all" />
    <type fullname="DG.Tweening.TweenCallback" preserve="all" />
    <type fullname="DG.Tweening.Tweener" preserve="all" />
    <type fullname="DG.Tweening.TweenExtensions" preserve="all" />
    <type fullname="DG.Tweening.TweenSettingsExtensions" preserve="all" />
    <type fullname="DG.Tweening.UpdateType" preserve="all" />
  </assembly>
  <assembly fullname="DOTweenPro">
    <type fullname="DG.Tweening.Core.ABSAnimationComponent" preserve="all" />
    <type fullname="DG.Tweening.Plugins.SpiralOptions" preserve="all" />
    <type fullname="DG.Tweening.Plugins.SpiralPlugin" preserve="all" />
    <type fullname="DG.Tweening.SpiralMode" preserve="all" />
  </assembly>
  <assembly fullname="mscorlib">
    <type fullname="System.Action" preserve="all" />
    <type fullname="System.Action`1" preserve="all" />
    <type fullname="System.Action`4" preserve="all" />
    <type fullname="System.AppDomain" preserve="all" />
    <type fullname="System.Collections.Generic.IEnumerable`1" preserve="all" />
    <type fullname="System.Collections.Generic.IEnumerator`1" preserve="all" />
    <type fullname="System.Collections.Generic.List`1" preserve="all" />
    <type fullname="System.Collections.Generic.List`1/Enumerator" preserve="all" />
    <type fullname="System.Collections.IEnumerable" preserve="all" />
    <type fullname="System.Collections.IEnumerator" preserve="all" />
    <type fullname="System.Delegate" preserve="all" />
    <type fullname="System.Diagnostics.DebuggableAttribute" preserve="all" />
    <type fullname="System.Diagnostics.DebuggableAttribute/DebuggingModes" preserve="all" />
    <type fullname="System.Diagnostics.DebuggerHiddenAttribute" preserve="all" />
    <type fullname="System.Enum" preserve="all" />
    <type fullname="System.Exception" preserve="all" />
    <type fullname="System.Globalization.CultureInfo" preserve="all" />
    <type fullname="System.IDisposable" preserve="all" />
    <type fullname="System.IFormatProvider" preserve="all" />
    <type fullname="System.Int32" preserve="all" />
    <type fullname="System.Int64" preserve="all" />
    <type fullname="System.NotSupportedException" preserve="all" />
    <type fullname="System.Nullable`1" preserve="all" />
    <type fullname="System.Object" preserve="all" />
    <type fullname="System.Reflection.Assembly" preserve="all" />
    <type fullname="System.Reflection.MethodInfo" preserve="all" />
    <type fullname="System.Runtime.CompilerServices.AsyncStateMachineAttribute" preserve="all" />
    <type fullname="System.Runtime.CompilerServices.AsyncTaskMethodBuilder" preserve="all" />
    <type fullname="System.Runtime.CompilerServices.CompilationRelaxationsAttribute" preserve="all" />
    <type fullname="System.Runtime.CompilerServices.CompilerGeneratedAttribute" preserve="all" />
    <type fullname="System.Runtime.CompilerServices.ExtensionAttribute" preserve="all" />
    <type fullname="System.Runtime.CompilerServices.IAsyncStateMachine" preserve="all" />
    <type fullname="System.Runtime.CompilerServices.IteratorStateMachineAttribute" preserve="all" />
    <type fullname="System.Runtime.CompilerServices.RuntimeCompatibilityAttribute" preserve="all" />
    <type fullname="System.Runtime.CompilerServices.YieldAwaitable" preserve="all" />
    <type fullname="System.Runtime.CompilerServices.YieldAwaitable/YieldAwaiter" preserve="all" />
    <type fullname="System.RuntimeTypeHandle" preserve="all" />
    <type fullname="System.Single" preserve="all" />
    <type fullname="System.String" preserve="all" />
    <type fullname="System.Threading.Interlocked" preserve="all" />
    <type fullname="System.Threading.Tasks.Task" preserve="all" />
    <type fullname="System.Type" preserve="all" />
    <type fullname="System.ValueType" preserve="all" />
  </assembly>
  <assembly fullname="Unity.Addressables">
    <type fullname="UnityEngine.AddressableAssets.Addressables" preserve="all" />
    <type fullname="UnityEngine.AddressableAssets.Addressables/MergeMode" preserve="all" />
    <type fullname="UnityEngine.AddressableAssets.ResourceLocators.IResourceLocator" preserve="all" />
  </assembly>
  <assembly fullname="Unity.ResourceManager">
    <type fullname="UnityEngine.ResourceManagement.AsyncOperations.AsyncOperationHandle" preserve="all" />
    <type fullname="UnityEngine.ResourceManagement.AsyncOperations.AsyncOperationHandle`1" preserve="all" />
    <type fullname="UnityEngine.ResourceManagement.AsyncOperations.AsyncOperationStatus" preserve="all" />
  </assembly>
  <assembly fullname="UnityEngine.AudioModule">
    <type fullname="UnityEngine.Audio.AudioMixer" preserve="all" />
    <type fullname="UnityEngine.AudioSource" preserve="all" />
  </assembly>
  <assembly fullname="UnityEngine.CoreModule">
    <type fullname="UnityEngine.AddComponentMenu" preserve="all" />
    <type fullname="UnityEngine.AnimationCurve" preserve="all" />
    <type fullname="UnityEngine.Application" preserve="all" />
    <type fullname="UnityEngine.Camera" preserve="all" />
    <type fullname="UnityEngine.Color" preserve="all" />
    <type fullname="UnityEngine.Component" preserve="all" />
    <type fullname="UnityEngine.Coroutine" preserve="all" />
    <type fullname="UnityEngine.CustomYieldInstruction" preserve="all" />
    <type fullname="UnityEngine.Debug" preserve="all" />
    <type fullname="UnityEngine.Events.UnityAction" preserve="all" />
    <type fullname="UnityEngine.Events.UnityEvent" preserve="all" />
    <type fullname="UnityEngine.GameObject" preserve="all" />
    <type fullname="UnityEngine.Gradient" preserve="all" />
    <type fullname="UnityEngine.GradientColorKey" preserve="all" />
    <type fullname="UnityEngine.Keyframe" preserve="all" />
    <type fullname="UnityEngine.Light" preserve="all" />
    <type fullname="UnityEngine.Material" preserve="all" />
    <type fullname="UnityEngine.Mathf" preserve="all" />
    <type fullname="UnityEngine.MonoBehaviour" preserve="all" />
    <type fullname="UnityEngine.Object" preserve="all" />
    <type fullname="UnityEngine.Quaternion" preserve="all" />
    <type fullname="UnityEngine.Rect" preserve="all" />
    <type fullname="UnityEngine.RectTransform" preserve="all" />
    <type fullname="UnityEngine.Renderer" preserve="all" />
    <type fullname="UnityEngine.Scripting.PreserveAttribute" preserve="all" />
    <type fullname="UnityEngine.SerializeField" preserve="all" />
    <type fullname="UnityEngine.SpriteRenderer" preserve="all" />
    <type fullname="UnityEngine.TextAsset" preserve="all" />
    <type fullname="UnityEngine.Time" preserve="all" />
    <type fullname="UnityEngine.Transform" preserve="all" />
    <type fullname="UnityEngine.Vector2" preserve="all" />
    <type fullname="UnityEngine.Vector3" preserve="all" />
    <type fullname="UnityEngine.WaitForSeconds" preserve="all" />
  </assembly>
  <assembly fullname="UnityEngine.Physics2DModule">
    <type fullname="UnityEngine.Rigidbody2D" preserve="all" />
  </assembly>
  <assembly fullname="UnityEngine.PhysicsModule">
    <type fullname="UnityEngine.Rigidbody" preserve="all" />
  </assembly>
  <assembly fullname="UnityEngine.UI">
    <type fullname="UnityEngine.UI.Button" preserve="all" />
    <type fullname="UnityEngine.UI.Button/ButtonClickedEvent" preserve="all" />
    <type fullname="UnityEngine.UI.Graphic" preserve="all" />
    <type fullname="UnityEngine.UI.Image" preserve="all" />
    <type fullname="UnityEngine.UI.InputField" preserve="all" />
    <type fullname="UnityEngine.UI.LayoutElement" preserve="all" />
    <type fullname="UnityEngine.UI.Outline" preserve="all" />
    <type fullname="UnityEngine.UI.ScrollRect" preserve="all" />
    <type fullname="UnityEngine.UI.Shadow" preserve="all" />
    <type fullname="UnityEngine.UI.Slider" preserve="all" />
    <type fullname="UnityEngine.UI.Text" preserve="all" />
  </assembly>
  <assembly fullname="UnityEngine.UIModule">
    <type fullname="UnityEngine.CanvasGroup" preserve="all" />
    <type fullname="UnityEngine.RectTransformUtility" preserve="all" />
  </assembly>
</linker>